{
  "entities": [
    {
      "class": "component",
      "type": "page",
      "id": "36f71f18-7e0d-4ca2-85b0-ab86ff93b073",
      "name": "Login-Button",
      "last_updated": "2020-07-28T22:44:29.537Z",
      "last_updated_by": "Author Name",
      "description": "The button used for login",
      "tags": [
        "branding",
        "cta"
      ],
      "related_entity_ids": [
        "54dde3b6-c8b2-4265-9e0c-61bcc879874f",
        "91843793-77ea-4cc6-979d-ac0145b47917"
      ],
      "snippets": {
        "trigger": "login-btn",
        "languages": {
            "react": "...",
            "angular": "..."
        }
      }
    }
  ]
}