{
  "dsp_spec_version": "0.5.0",
  "last_updated_by": "Author Name",
  "last_updated": "2020-07-28T22:44:29.537Z",
  "entities": [
    {
      "class": "doc",
      "type": "page",
      "id": "3c24039d-ccf0-4f2f-81a0-9a9c4f5b4c78",
      "name": "Introduction",
      "last_updated": "2020-07-28T22:44:29.537Z",
      "last_updated_by": "Author Name",
      "description": "## Welcome to your new design system\n\nWe’ve imported {{colorCount}} colors, {{characterCount}} character styles, and {{componentCount}} component from [CC Library]({{CCLibraryLink}}).\n\nThis page is the introduction to your design system. Use this page to welcome people to your system, Markdown is fully supported to help you create whatever you need.\n\n## Start Editing\nTo start editing use the Start Editing button in the XD-VSCODE sidebar",
      "tags": []
    }
  ]
}