{
  "dsp_spec_version": "0.5.0",
  "last_updated_by": "Author Name",
  "last_updated": "2020-07-28T22:44:29.537Z",
  "entities": [
    {
      "class": "collection",
      "type": "font",
      "id": "91843793-77ea-4cc6-979d-ac0145b47917",
      "name": "base-font",
      "last_updated": "2020-07-28T22:44:29.537Z",
      "last_updated_by": "Author Name",
      "description": "The base font used everywhere",
      "tags": [],
      "ext-com_adobe-cclib": {
        "source": "http://cclib-full-url",
        "id": "7d488459-7e16-4b63-a18d-c0aa5ebe2de6",
        "last_sync": "2020-09-04T23:15:04.792Z",
        "sync": true
      },
      "tokens": [
        {
          "id": "8f0b0569-aa2b-4e78-9770-09ed36ee90ed",
          "type": "custom",
          "value": "Segoe UI, Arial, sans-serif",
          "key": "family"
        },
        {
          "id": "74ce5a15-0417-4df7-baac-adc6e9367d56",
          "type": "custom",
          "value": "{base-weight-value}",
          "key": "weight"
        },
        {
          "id": "1d8f5912-188e-4eca-aaa6-5a5a967bdf8e",
          "type": "size",
          "value": "10",
          "key": "size"
        }
      ]
    },
    {
      "class": "collection",
      "type": "font",
      "id": "183fd64a-884a-41c7-aef3-8ff5d9467dde",
      "name": "heading-text",
      "tags": [],
      "tokens": [
        {
          "id": "ba133c88-ba93-43d0-a05e-69fbe412ee75",
          "type": "custom",
          "value": "Segoe UI",
          "key": "family"
        },
        {
          "id": "b4f75ba7-c0d9-46c0-983e-fc256eb56c2b",
          "type": "custom",
          "value": "Regular",
          "key": "weight"
        },
        {
          "id": "1e7122cc-009c-4f7e-9e08-b7a3df3ba7c8",
          "type": "size",
          "value": "12",
          "key": "size"
        }
      ]
    }
  ]
}