{
  "entities": [
    {
      "class": "token",
      "type": "color",
      "id": "3955e1ab-b24d-4b4a-8c70-19b4ea6f7911",
      "name": "primary-red",
      "value": "#FF0000FF",
      "description": "This is the red used _everywhere_, it is **important** to remember our brand guidelines",
      "last_updated": "2020-07-28T22:44:29.537Z",
      "last_updated_by": "Author Name",
      "tags": [
        "branding",
        "primary"
      ]
    },
    {
      "class": "token",
      "type": "color",
      "id": "1826b56e-4c8d-4be1-87be-81d1c2882050",
      "name": "primary-green",
      "value": "#00FF00FF",
      "description": "The green used everywhere",
      "last_updated": "2020-07-28T22:44:29.537Z",
      "last_updated_by": "Author Name",
      "tags": [
        "primary"
      ]
    },
    {
      "class": "token",
      "type": "color",
      "id": "18842d57-40ae-4198-add8-3dc3f30c9d69",
      "name": "primary-blue",
      "value": "#0000FFBF",
      "description": "The blue used everywhere",
      "last_updated": "2020-07-28T22:44:29.537Z",
      "last_updated_by": "Author Name",
      "tags": [
        "primary"
      ]
    },
    {
      "class": "token",
      "type": "size",
      "id": "d23a3a3d-e30e-4167-8c78-edb5c8919d37",
      "name": "base-padding",
      "value": "4",
      "description": "The padding used everywhere",
      "last_updated": "2020-07-28T22:44:29.537Z",
      "last_updated_by": "Author Name",
      "tags": []
    },
    {
      "class": "token",
      "type": "custom",
      "id": "13879be7-ada2-441f-ae34-206d1733b43b",
      "name": "base-weight-value",
      "value": "Bold",
      "description": "The weight for base fonts",
      "last_updated": "2020-07-28T22:44:29.537Z",
      "last_updated_by": "Author Name",
      "tags": []
    },
    {
      "class": "token",
      "type": "alias",
      "id": "54dde3b6-c8b2-4265-9e0c-61bcc879874f",
      "name": "cta-background",
      "value": "{primary-red}",
      "description": "The background color used for calls to action",
      "last_updated": "2020-07-28T22:44:29.537Z",
      "last_updated_by": "Author Name",
      "tags": [
        "branding"
      ]
    }
  ]
}