{
  "dsp_spec_version": "0.5.0",
  "last_updated_by": "Author Name",
  "last_updated": "2020-07-28T22:44:29.537Z",
  "settings": {
    "name": "SampleDesignSystem",
    "package_version": "0.9.0",
    "build_status_label": "dev",
    "snippet_trigger_prefix": "xd-",
    "build_tool": "style-dictionary",
    "build_tool_version": "1.0.0",
    "build_params": "-c ./config.json",
    "languages": [
      {
        "label": "CSS",
        "export-tokens": true,
        "snippet-id": "css",
        "syntax": "css",
        "ext-com_adobe_xd-styledictionary_id": "css"
      },
      {
          "label": "React",
          "export-tokens": true,
          "snippet-id": "react",
          "syntax": "javascript",
          "ext-com_adobe_xd-styledictionary_id": "javascript"
      },
      {
          "label": "Angular",
          "export-tokens": false,
          "snippet-id": "angular",
          "syntax": "javascript",
          "ext-com_adobe_xd-styledictionary_id": "javascript"
      }
    ]
  },
  "import": [
    {
      "src": "data/tokens.json"
    },
    {
      "src": "data/fonts.json"
    },
    {
      "src": "data/components.json"
    },
    {
      "src": "data/docs.json"
    }
  ]
}